model,n_vars,RMSE,MAE,R2,DirAcc
naive_zero,0,1.70028,1.25826,-5e-05,
naive_lag1,1,2.32838,1.77543,-0.87537,0.5022
OLS baseline,19,1.7583,1.29644,-0.06946,0.4956
OLS +sentiment,23,1.75888,1.29661,-0.07016,0.49011
