,baseline,+sentiment
RMSE,1.80389,1.80801
MAE,1.14472,1.14775
R2,-0.02764,-0.0331
DirAcc,0.51155,0.5066
