model,n_vars,RMSE,MAE,R2,DirAcc,vs_naive_lag1
naive_zero,0,1.8159163492573114,1.3245520833333335,-8.77559023375607e-05,,0.27575991820402035
naive_lag1,1,2.5073403073110496,1.8792500000000003,-0.9066588666569912,0.5,0.0
OLS (AIC),19,1.8834199596964245,1.3692623661277707,-0.0758228639945997,0.5010416666666667,0.24883752149453411
LGBM (default),19,1.8745550267895457,1.3818675589979275,-0.06571927268084754,0.50625,0.25237311372388965
LGBM (tuned),19,1.9120226540048455,1.3920249479654416,-0.1087471076281219,0.5104166666666666,0.23742993783904884
