model,n_vars,RMSE,MAE,R2,DirAcc,vs_naive_lag1
naive_zero,0,1.8159163492573112,1.3245520833333335,-8.77559023375607e-05,,0.2757599182040204
naive_lag1,1,2.5073403073110496,1.8792500000000003,-0.9066588666569912,0.5,0.0
OLS (AIC),19,1.8834199596964587,1.3692623661277954,-0.07582286399463856,0.5010416666666667,0.24883752149452049
LGBM (default),19,1.8745550267895457,1.3818675589979275,-0.06571927268084754,0.50625,0.25237311372388965
LGBM (tuned),19,1.9119915168383703,1.391941901264246,-0.10871099617087254,0.5104166666666666,0.2374423562436764
