model,n_vars,MAE,RMSE,R2,Adj_R2,DirAcc
naive_zero,0,1.3245520833333335,1.8159163492573114,-8.77559023375607e-05,-8.77559023375607e-05,
naive_lag1,1,1.8792500000000003,2.5073403073110496,-0.9066588666569912,-0.9086491159958816,0.5
Full OLS,35,1.4303265025768401,2.0092342034544646,-0.22435556051288774,-0.2707326650777697,0.5020833333333333
AIC OLS,19,1.3692623661277927,1.8834199596964551,-0.07582286399463456,-0.0975682197562282,0.5010416666666667
